Reservations,DayRentValue,CarPhotoURL,City,Region,Doors,Model,CarNo,MemberNo,Gear,BookingDiscount,WeekRentValue,Cylinders,Seats,MobileSalesMan,MemberName,WD,Passengers,MonthRentValue,CarKey,Milage,CarName
,100.0,,deira,al khabasi,4,2021,79565,2047,-1,0.0,630.0,4,2,971522257090,AVENTADOR 1 CAR RENTAL,2,5,2400.0,70517,45332,AUDI Q5
,100.0,,deira,al khabasi,4,2019,15325,2047,-1,0.0,630.0,4,2,971522257090,AVENTADOR 1 CAR RENTAL,2,5,2400.0,22119,119414,AUDI Q8
,100.0,,deira,al khabasi,4,2020,40062,2047,-1,0.0,630.0,4,2,971522257090,AVENTADOR 1 CAR RENTAL,2,5,2400.0,22104,143774,AUDI Q8
,100.0,,deira,al khabasi,4,2022,62405,2047,-1,0.0,630.0,4,2,971522257090,AVENTADOR 1 CAR RENTAL,2,5,2400.0,68299,35800,BENTLEY BENTAYGA
,100.0,,deira,al khabasi,4,2021,94948,2047,-1,0.0,630.0,4,2,971522257090,AVENTADOR 1 CAR RENTAL,2,5,2400.0,95178,19434,BENTLEY CONTINENTAL
"[{'ReservationKey': 0, 'CarKey': 98453, 'CustomerName': 'Running Contract, 14297', 'CustomerMobile': None, 'ReservationStatus': 0, 'ReservationDateTime': None, 'FromDateTime': '2/2/2024 11:39:33 PM', 'ToDateTime': '2/2/2024 11:39:33 PM', 'DayRentValue': 0.0, 'Documents': None}]",100.0,,deira,al khabasi,4,2020,52558,2047,-1,0.0,630.0,4,2,971522257090,AVENTADOR 1 CAR RENTAL,2,5,2400.0,98453,89920,BENTLEY GT
,100.0,,deira,al khabasi,4,2021,82646,2047,-1,0.0,630.0,4,2,971522257090,AVENTADOR 1 CAR RENTAL,2,5,2400.0,70518,0,BMW 330-I
"[{'ReservationKey': 0, 'CarKey': 126277, 'CustomerName': 'Running Contract, 15641', 'CustomerMobile': None, 'ReservationStatus': 0, 'ReservationDateTime': None, 'FromDateTime': '6/27/2024 11:30:00 PM', 'ToDateTime': '7/1/2024 11:30:00 PM', 'DayRentValue': 0.0, 'Documents': None}]",100.0,,deira,al khabasi,4,2024,12724,2047,-1,0.0,630.0,4,2,971522257090,AVENTADOR 1 CAR RENTAL,2,5,2400.0,126277,36575,BMW 740
,100.0,,deira,al khabasi,4,2021,19850,2047,-1,0.0,630.0,4,2,971522257090,AVENTADOR 1 CAR RENTAL,2,5,2400.0,22151,72413,BMW 740
,100.0,,deira,al khabasi,4,2020,26738,2047,-1,0.0,630.0,4,2,971522257090,AVENTADOR 1 CAR RENTAL,2,5,2400.0,22078,99521,BMW 740
,100.0,,deira,al khabasi,4,2024,93865,2047,-1,0.0,630.0,4,2,971522257090,AVENTADOR 1 CAR RENTAL,2,5,2400.0,134781,12754,BMW 740
,100.0,,deira,al khabasi,4,2020,79604,2047,-1,0.0,630.0,4,2,971522257090,AVENTADOR 1 CAR RENTAL,2,5,2400.0,70516,74754,BMW 740-XI
"[{'ReservationKey': 0, 'CarKey': 83402, 'CustomerName': 'Running Contract, 13159', 'CustomerMobile': None, 'ReservationStatus': 0, 'ReservationDateTime': None, 'FromDateTime': '11/1/2023 7:58:52 PM', 'ToDateTime': '11/1/2023 7:58:52 PM', 'DayRentValue': 0.0, 'Documents': None}]",100.0,,deira,al khabasi,4,2021,39532,2047,-1,0.0,630.0,4,2,971522257090,AVENTADOR 1 CAR RENTAL,2,5,2400.0,83402,36042,BMW X3
,100.0,,deira,al khabasi,4,2020,69041,2047,-1,0.0,630.0,4,2,971522257090,AVENTADOR 1 CAR RENTAL,2,5,2400.0,119946,17769,BMW X7
"[{'ReservationKey': 0, 'CarKey': 138362, 'CustomerName': 'Running Contract, 15844', 'CustomerMobile': None, 'ReservationStatus': 0, 'ReservationDateTime': None, 'FromDateTime': '7/31/2024 5:10:00 PM', 'ToDateTime': '8/3/2024 5:10:00 PM', 'DayRentValue': 0.0, 'Documents': None}]",100.0,,deira,al khabasi,4,2024,4907,2047,-1,0.0,630.0,4,2,971522257090,AVENTADOR 1 CAR RENTAL,2,5,2400.0,138362,7304,BMW-XM
"[{'ReservationKey': 0, 'CarKey': 112678, 'CustomerName': 'Running Contract, 15837', 'CustomerMobile': None, 'ReservationStatus': 0, 'ReservationDateTime': None, 'FromDateTime': '7/31/2024 12:10:00 PM', 'ToDateTime': '8/8/2024 12:10:00 PM', 'DayRentValue': 0.0, 'Documents': None}]",100.0,,deira,al khabasi,4,2021,16485,2047,-1,0.0,630.0,4,2,971522257090,AVENTADOR 1 CAR RENTAL,2,5,2400.0,112678,40067,BMW430 CONV
,100.0,,deira,al khabasi,4,2019,38659,2047,-1,0.0,630.0,4,2,971522257090,AVENTADOR 1 CAR RENTAL,2,5,2400.0,22064,146757,C300-CONVE
,100.0,,deira,al khabasi,4,2019,88175,2047,-1,0.0,630.0,4,2,971522257090,AVENTADOR 1 CAR RENTAL,2,5,2400.0,22066,145631,C300-CONVE
"[{'ReservationKey': 0, 'CarKey': 22141, 'CustomerName': 'Running Contract, 14791', 'CustomerMobile': None, 'ReservationStatus': 0, 'ReservationDateTime': None, 'FromDateTime': '3/5/2024 11:43:26 AM', 'ToDateTime': '3/5/2024 11:43:26 AM', 'DayRentValue': 0.0, 'Documents': None}]",100.0,,deira,al khabasi,4,2021,24499,2047,-1,0.0,630.0,4,2,971522257090,AVENTADOR 1 CAR RENTAL,2,5,2400.0,22141,50772,CADILLAC ESCALADE
,100.0,,deira,al khabasi,4,2021,87205,2047,-1,0.0,630.0,4,2,971522257090,AVENTADOR 1 CAR RENTAL,2,5,2400.0,98449,104232,CADILLAC ESCALLADE
"[{'ReservationKey': 0, 'CarKey': 78532, 'CustomerName': 'Running Contract, 16295', 'CustomerMobile': None, 'ReservationStatus': 0, 'ReservationDateTime': None, 'FromDateTime': '8/1/2024 5:05:00 PM', 'ToDateTime': '8/4/2024 5:05:00 PM', 'DayRentValue': 0.0, 'Documents': None}]",100.0,,deira,al khabasi,4,2020,43328,2047,-1,0.0,630.0,4,2,971522257090,AVENTADOR 1 CAR RENTAL,2,5,2400.0,78532,22645,CHEVROLET MALIBU
"[{'ReservationKey': 0, 'CarKey': 22156, 'CustomerName': 'Running Contract, 16304', 'CustomerMobile': None, 'ReservationStatus': 0, 'ReservationDateTime': None, 'FromDateTime': '8/2/2024 10:27:21 AM', 'ToDateTime': '8/9/2024 10:27:21 AM', 'DayRentValue': 0.0, 'Documents': None}]",100.0,,deira,al khabasi,4,2022,52192,2047,-1,0.0,630.0,4,2,971522257090,AVENTADOR 1 CAR RENTAL,2,5,2400.0,22156,58416,CHEVROLET TAHOE
,100.0,,deira,al khabasi,4,2024,9448,2047,-1,0.0,630.0,4,2,971522257090,AVENTADOR 1 CAR RENTAL,2,5,2400.0,127685,56715,CULLINAN
"[{'ReservationKey': 0, 'CarKey': 126275, 'CustomerName': 'Running Contract, 16274', 'CustomerMobile': None, 'ReservationStatus': 0, 'ReservationDateTime': None, 'FromDateTime': '7/31/2024 9:38:00 PM', 'ToDateTime': '8/3/2024 9:38:00 PM', 'DayRentValue': 0.0, 'Documents': None}]",100.0,,deira,al khabasi,4,2022,13764,2047,-1,0.0,630.0,4,2,971522257090,AVENTADOR 1 CAR RENTAL,2,5,2400.0,126275,102564,DEFENDER
,100.0,,deira,al khabasi,4,2020,79896,2047,-1,0.0,630.0,4,2,971522257090,AVENTADOR 1 CAR RENTAL,2,5,2400.0,70513,97162,DODGE CHARGER
,100.0,,deira,al khabasi,4,2022,46217,2047,-1,0.0,630.0,4,2,971522257090,AVENTADOR 1 CAR RENTAL,2,5,2400.0,128259,33792,FERRARI F8 TRIBUTO
"[{'ReservationKey': 0, 'CarKey': 98251, 'CustomerName': 'Running Contract, 12698', 'CustomerMobile': None, 'ReservationStatus': 0, 'ReservationDateTime': None, 'FromDateTime': '8/30/2023 3:39:00 PM', 'ToDateTime': '8/30/2023 3:39:00 PM', 'DayRentValue': 0.0, 'Documents': None}]",100.0,,deira,al khabasi,4,2018,15793,2047,-1,0.0,630.0,4,2,971522257090,AVENTADOR 1 CAR RENTAL,2,5,2400.0,98251,144084,FERRARI-488
"[{'ReservationKey': 0, 'CarKey': 22153, 'CustomerName': 'Running Contract, 15858', 'CustomerMobile': None, 'ReservationStatus': 0, 'ReservationDateTime': None, 'FromDateTime': '7/29/2024 10:47:01 AM', 'ToDateTime': '8/3/2024 10:47:01 AM', 'DayRentValue': 0.0, 'Documents': None}]",100.0,,deira,al khabasi,4,2021,23719,2047,-1,0.0,630.0,4,2,971522257090,AVENTADOR 1 CAR RENTAL,2,5,2400.0,22153,44464,FIAT 500
"[{'ReservationKey': 0, 'CarKey': 22166, 'CustomerName': 'Running Contract, 16278', 'CustomerMobile': None, 'ReservationStatus': 0, 'ReservationDateTime': None, 'FromDateTime': '8/1/2024 9:30:00 AM', 'ToDateTime': '8/2/2024 9:30:00 AM', 'DayRentValue': 0.0, 'Documents': None}]",100.0,,deira,al khabasi,4,2020,85547,2047,-1,0.0,630.0,4,2,971522257090,AVENTADOR 1 CAR RENTAL,2,5,2400.0,22166,147007,FORD FUSION
"[{'ReservationKey': 0, 'CarKey': 69312, 'CustomerName': 'Running Contract, 16303', 'CustomerMobile': None, 'ReservationStatus': 0, 'ReservationDateTime': None, 'FromDateTime': '8/2/2024 9:44:45 AM', 'ToDateTime': '8/7/2024 9:44:45 AM', 'DayRentValue': 0.0, 'Documents': None}]",100.0,,deira,al khabasi,4,2021,50620,2047,-1,0.0,630.0,4,2,971522257090,AVENTADOR 1 CAR RENTAL,2,5,2400.0,69312,83677,FORD MUSTANG
,100.0,,deira,al khabasi,4,2021,60165,2047,-1,0.0,630.0,4,2,971522257090,AVENTADOR 1 CAR RENTAL,2,5,2400.0,22165,73435,FORD RAPTOR 150
,100.0,,deira,al khabasi,4,2018,78300,2047,-1,0.0,630.0,4,2,971522257090,AVENTADOR 1 CAR RENTAL,2,5,2400.0,22056,86241,GTC- AMG MERCEDES
,100.0,,deira,al khabasi,4,2018,42788,2047,-1,0.0,630.0,4,2,971522257090,AVENTADOR 1 CAR RENTAL,2,5,2400.0,22037,101363,INFINITY 80QX
"[{'ReservationKey': 0, 'CarKey': 69310, 'CustomerName': 'Running Contract, 13409', 'CustomerMobile': None, 'ReservationStatus': 0, 'ReservationDateTime': None, 'FromDateTime': '11/21/2023 7:11:00 PM', 'ToDateTime': '11/22/2023 7:11:00 PM', 'DayRentValue': 0.0, 'Documents': None}]",100.0,,deira,al khabasi,4,2020,52640,2047,-1,0.0,630.0,4,2,971522257090,AVENTADOR 1 CAR RENTAL,2,5,2400.0,69310,41043,JAGUAR F-PACE
,100.0,,deira,al khabasi,4,2020,58046,2047,-1,0.0,630.0,4,2,971522257090,AVENTADOR 1 CAR RENTAL,2,5,2400.0,98450,65633,JAQUAR 
,100.0,,deira,al khabasi,4,2020,98600,2047,-1,0.0,630.0,4,2,971522257090,AVENTADOR 1 CAR RENTAL,2,5,2400.0,112679,68026,LAMBO URUS
"[{'ReservationKey': 0, 'CarKey': 22121, 'CustomerName': 'Running Contract, 10953', 'CustomerMobile': None, 'ReservationStatus': 0, 'ReservationDateTime': None, 'FromDateTime': '1/8/2023 12:45:00 PM', 'ToDateTime': '1/8/2023 12:45:00 PM', 'DayRentValue': 0.0, 'Documents': None}]",100.0,,deira,al khabasi,4,2019,31449,2047,-1,0.0,630.0,4,2,971522257090,AVENTADOR 1 CAR RENTAL,2,5,2400.0,22121,94543,LAMBORGHINI URUS
,100.0,,deira,al khabasi,4,2024,43123,2047,-1,0.0,630.0,4,2,971522257090,AVENTADOR 1 CAR RENTAL,2,5,2400.0,132483,128122,LAMBORGHINI URUS
,100.0,,deira,al khabasi,4,2023,49600,2047,-1,0.0,630.0,4,2,971522257090,AVENTADOR 1 CAR RENTAL,2,5,2400.0,124031,57616,LAMBORGHINI URUS
"[{'ReservationKey': 0, 'CarKey': 120191, 'CustomerName': 'Running Contract, 15862', 'CustomerMobile': None, 'ReservationStatus': 0, 'ReservationDateTime': None, 'FromDateTime': '7/30/2024 12:15:00 PM', 'ToDateTime': '7/31/2024 12:15:00 PM', 'DayRentValue': 0.0, 'Documents': None}]",100.0,,deira,al khabasi,4,2020,74584,2047,-1,0.0,630.0,4,2,971522257090,AVENTADOR 1 CAR RENTAL,2,5,2400.0,120191,23480,LAND ROVER DEFENDER
,100.0,,deira,al khabasi,4,2017,36193,2047,-1,0.0,630.0,4,2,971522257090,AVENTADOR 1 CAR RENTAL,2,5,2400.0,22034,122082,LAND ROVER RANGE SPORT
,100.0,,deira,al khabasi,4,2021,64990,2047,-1,0.0,630.0,4,2,971522257090,AVENTADOR 1 CAR RENTAL,2,5,2400.0,112680,17777,LEXUS GX 460
"[{'ReservationKey': 0, 'CarKey': 70514, 'CustomerName': 'Running Contract, 13833', 'CustomerMobile': None, 'ReservationStatus': 0, 'ReservationDateTime': None, 'FromDateTime': '12/28/2023 1:22:35 PM', 'ToDateTime': '12/29/2023 1:22:35 PM', 'DayRentValue': 0.0, 'Documents': None}]",100.0,,deira,al khabasi,4,2019,79563,2047,-1,0.0,630.0,4,2,971522257090,AVENTADOR 1 CAR RENTAL,2,5,2400.0,70514,51949,MASERATI GHIBLI
,100.0,,deira,al khabasi,4,2021,21428,2047,-1,0.0,630.0,4,2,971522257090,AVENTADOR 1 CAR RENTAL,2,5,2400.0,22154,90027,MERCEDES A220
,100.0,,deira,al khabasi,4,2019,42948,2047,-1,0.0,630.0,4,2,971522257090,AVENTADOR 1 CAR RENTAL,2,5,2400.0,22162,96974,MERCEDES A220
,100.0,,deira,al khabasi,4,2020,46834,2047,-1,0.0,630.0,4,2,971522257090,AVENTADOR 1 CAR RENTAL,2,5,2400.0,69369,34466,MERCEDES A220
"[{'ReservationKey': 0, 'CarKey': 73140, 'CustomerName': 'Running Contract, 16280', 'CustomerMobile': None, 'ReservationStatus': 0, 'ReservationDateTime': None, 'FromDateTime': '8/1/2024 12:07:05 PM', 'ToDateTime': '8/3/2024 12:07:05 PM', 'DayRentValue': 0.0, 'Documents': None}]",100.0,,deira,al khabasi,4,2020,81593,2047,-1,0.0,630.0,4,2,971522257090,AVENTADOR 1 CAR RENTAL,2,5,2400.0,73140,82037,MERCEDES A220
"[{'ReservationKey': 0, 'CarKey': 22062, 'CustomerName': 'Running Contract, 10390', 'CustomerMobile': None, 'ReservationStatus': 0, 'ReservationDateTime': None, 'FromDateTime': '10/30/2022 4:45:00 PM', 'ToDateTime': '11/2/2022 4:45:00 PM', 'DayRentValue': 0.0, 'Documents': None}]",100.0,,deira,al khabasi,4,2018,53818,2047,-1,0.0,630.0,4,2,971522257090,AVENTADOR 1 CAR RENTAL,2,5,2400.0,22062,127841,MERCEDES BRABUS-G63
"[{'ReservationKey': 0, 'CarKey': 68901, 'CustomerName': 'Running Contract, 15810', 'CustomerMobile': None, 'ReservationStatus': 0, 'ReservationDateTime': None, 'FromDateTime': '7/22/2024 10:35:49 PM', 'ToDateTime': '7/24/2024 10:35:49 PM', 'DayRentValue': 0.0, 'Documents': None}]",100.0,,deira,al khabasi,4,2021,37405,2047,-1,0.0,630.0,4,2,971522257090,AVENTADOR 1 CAR RENTAL,2,5,2400.0,68901,66394,MERCEDES C300
,100.0,,deira,al khabasi,4,2021,39980,2047,-1,0.0,630.0,4,2,971522257090,AVENTADOR 1 CAR RENTAL,2,5,2400.0,83401,43975,MERCEDES C300
,100.0,,deira,al khabasi,4,2020,87994,2047,-1,0.0,630.0,4,2,971522257090,AVENTADOR 1 CAR RENTAL,2,5,2400.0,73142,39616,MERCEDES C300
"[{'ReservationKey': 0, 'CarKey': 128260, 'CustomerName': 'Running Contract, 15841', 'CustomerMobile': None, 'ReservationStatus': 0, 'ReservationDateTime': None, 'FromDateTime': '7/31/2024 1:19:56 PM', 'ToDateTime': '8/3/2024 1:19:56 PM', 'DayRentValue': 0.0, 'Documents': None}]",100.0,,deira,al khabasi,4,2023,49530,2047,-1,0.0,630.0,4,2,971522257090,AVENTADOR 1 CAR RENTAL,2,5,2400.0,128260,21814,MERCEDES C300 
"[{'ReservationKey': 0, 'CarKey': 22071, 'CustomerName': 'Running Contract, 10928', 'CustomerMobile': None, 'ReservationStatus': 0, 'ReservationDateTime': None, 'FromDateTime': '1/5/2023 1:05:00 PM', 'ToDateTime': '1/5/2023 1:05:00 PM', 'DayRentValue': 0.0, 'Documents': None}]",100.0,,deira,al khabasi,4,2020,23319,2047,-1,0.0,630.0,4,2,971522257090,AVENTADOR 1 CAR RENTAL,2,5,2400.0,22071,153343,MERCEDES C300 -CONV
,100.0,,deira,al khabasi,4,2019,85361,2047,-1,0.0,630.0,4,2,971522257090,AVENTADOR 1 CAR RENTAL,2,5,2400.0,117059,24052,MERCEDES C300 CONV
,100.0,,deira,al khabasi,4,2022,31764,2047,-1,0.0,630.0,4,2,971522257090,AVENTADOR 1 CAR RENTAL,2,5,2400.0,68917,54449,MERCEDES CLA
,100.0,,deira,al khabasi,4,2020,45319,2047,-1,0.0,630.0,4,2,971522257090,AVENTADOR 1 CAR RENTAL,2,5,2400.0,22160,85351,MERCEDES CLA
,100.0,,deira,al khabasi,4,2022,56792,2047,-1,0.0,630.0,4,2,971522257090,AVENTADOR 1 CAR RENTAL,2,5,2400.0,78262,27521,MERCEDES CLA 250
"[{'ReservationKey': 0, 'CarKey': 78210, 'CustomerName': 'Running Contract, 15872', 'CustomerMobile': None, 'ReservationStatus': 0, 'ReservationDateTime': None, 'FromDateTime': '7/31/2024 7:40:03 PM', 'ToDateTime': '8/4/2024 7:40:03 PM', 'DayRentValue': 0.0, 'Documents': None}]",100.0,,deira,al khabasi,4,2022,43074,2047,-1,0.0,630.0,4,2,971522257090,AVENTADOR 1 CAR RENTAL,2,5,2400.0,78210,26895,MERCEDES CLA250
,100.0,,deira,al khabasi,4,2020,92091,2047,-1,0.0,630.0,4,2,971522257090,AVENTADOR 1 CAR RENTAL,2,5,2400.0,22070,119164,MERCEDES CLA250
,100.0,,deira,al khabasi,4,2021,57015,2047,-1,0.0,630.0,4,2,971522257090,AVENTADOR 1 CAR RENTAL,2,5,2400.0,87547,63575,MERCEDES E300
"[{'ReservationKey': 0, 'CarKey': 22004, 'CustomerName': 'Running Contract, 9776', 'CustomerMobile': None, 'ReservationStatus': 0, 'ReservationDateTime': None, 'FromDateTime': '7/6/2022 8:50:00 AM', 'ToDateTime': '7/6/2022 8:50:00 AM', 'DayRentValue': 0.0, 'Documents': None}]",100.0,,deira,al khabasi,4,2018,70582,2047,-1,0.0,630.0,4,2,971522257090,AVENTADOR 1 CAR RENTAL,2,5,2400.0,22004,148974,MERCEDES E300
,100.0,,deira,al khabasi,4,2024,86245,2047,-1,0.0,630.0,4,2,971522257090,AVENTADOR 1 CAR RENTAL,2,5,2400.0,135249,31640,MERCEDES E450 CONVERTIBLE
"[{'ReservationKey': 0, 'CarKey': 126276, 'CustomerName': 'Running Contract, 15843', 'CustomerMobile': None, 'ReservationStatus': 0, 'ReservationDateTime': None, 'FromDateTime': '7/31/2024 3:43:25 PM', 'ToDateTime': '8/3/2024 3:43:25 PM', 'DayRentValue': 0.0, 'Documents': None}]",100.0,,deira,al khabasi,4,2022,87857,2047,-1,0.0,630.0,4,2,971522257090,AVENTADOR 1 CAR RENTAL,2,5,2400.0,126276,40805,MERCEDES E450 CONVERTIBLE
"[{'ReservationKey': 0, 'CarKey': 22097, 'CustomerName': 'Running Contract, 16306', 'CustomerMobile': None, 'ReservationStatus': 0, 'ReservationDateTime': None, 'FromDateTime': '8/2/2024 12:10:00 PM', 'ToDateTime': '8/4/2024 12:10:00 PM', 'DayRentValue': 0.0, 'Documents': None}]",100.0,,deira,al khabasi,4,2020,11300,2047,-1,0.0,630.0,4,2,971522257090,AVENTADOR 1 CAR RENTAL,2,5,2400.0,22097,145759,MERCEDES G63
"[{'ReservationKey': 0, 'CarKey': 98451, 'CustomerName': 'Running Contract, 15522', 'CustomerMobile': None, 'ReservationStatus': 0, 'ReservationDateTime': None, 'FromDateTime': '6/15/2024 2:01:12 PM', 'ToDateTime': '7/26/2024 2:01:12 PM', 'DayRentValue': 0.0, 'Documents': None}]",100.0,,deira,al khabasi,4,2023,18964,2047,-1,0.0,630.0,4,2,971522257090,AVENTADOR 1 CAR RENTAL,2,5,2400.0,98451,42434,MERCEDES G63
,100.0,,deira,al khabasi,4,2020,38600,2047,-1,0.0,630.0,4,2,971522257090,AVENTADOR 1 CAR RENTAL,2,5,2400.0,69308,79342,MERCEDES G63
"[{'ReservationKey': 0, 'CarKey': 22157, 'CustomerName': 'Running Contract, 16291', 'CustomerMobile': None, 'ReservationStatus': 0, 'ReservationDateTime': None, 'FromDateTime': '8/1/2024 3:54:00 PM', 'ToDateTime': '8/2/2024 3:54:00 PM', 'DayRentValue': 0.0, 'Documents': None}]",100.0,,deira,al khabasi,4,2021,68500,2047,-1,0.0,630.0,4,2,971522257090,AVENTADOR 1 CAR RENTAL,2,5,2400.0,22157,12375,MERCEDES G63
"[{'ReservationKey': 0, 'CarKey': 22107, 'CustomerName': 'Running Contract, 15873', 'CustomerMobile': None, 'ReservationStatus': 0, 'ReservationDateTime': None, 'FromDateTime': '7/31/2024 8:51:00 PM', 'ToDateTime': '8/2/2024 8:51:00 PM', 'DayRentValue': 0.0, 'Documents': None}]",100.0,,deira,al khabasi,4,2019,79500,2047,-1,0.0,630.0,4,2,971522257090,AVENTADOR 1 CAR RENTAL,2,5,2400.0,22107,133456,MERCEDES G63
,100.0,,deira,al khabasi,4,2019,93548,2047,-1,0.0,630.0,4,2,971522257090,AVENTADOR 1 CAR RENTAL,2,5,2400.0,22091,135385,MERCEDES G63
"[{'ReservationKey': 0, 'CarKey': 83403, 'CustomerName': 'Running Contract, 16300', 'CustomerMobile': None, 'ReservationStatus': 0, 'ReservationDateTime': None, 'FromDateTime': '8/1/2024 7:58:06 PM', 'ToDateTime': '8/5/2024 7:58:06 PM', 'DayRentValue': 0.0, 'Documents': None}]",100.0,,deira,al khabasi,4,2020,18463,2047,-1,0.0,630.0,4,2,971522257090,AVENTADOR 1 CAR RENTAL,2,5,2400.0,83403,113852,MERCEDES GLB250
"[{'ReservationKey': 0, 'CarKey': 78211, 'CustomerName': 'Running Contract, 14647', 'CustomerMobile': None, 'ReservationStatus': 0, 'ReservationDateTime': None, 'FromDateTime': '3/10/2024 10:55:28 PM', 'ToDateTime': '3/25/2024 10:55:28 PM', 'DayRentValue': 0.0, 'Documents': None}]",100.0,,deira,al khabasi,4,2020,43682,2047,-1,0.0,630.0,4,2,971522257090,AVENTADOR 1 CAR RENTAL,2,5,2400.0,78211,71250,MERCEDES GLC
,100.0,,deira,al khabasi,4,2022,47694,2047,-1,0.0,630.0,4,2,971522257090,AVENTADOR 1 CAR RENTAL,2,5,2400.0,68304,67256,MERCEDES GLC43
,700.0,,deira,al khabasi,4,2016,23698,2047,-1,0.0,630.0,4,2,971522257090,AVENTADOR 1 CAR RENTAL,2,5,2400.0,21958,127651,MERCEDES GLE 450
"[{'ReservationKey': 0, 'CarKey': 21980, 'CustomerName': 'Running Contract, 8527', 'CustomerMobile': None, 'ReservationStatus': 0, 'ReservationDateTime': None, 'FromDateTime': '1/25/2022 9:05:00 PM', 'ToDateTime': '1/25/2022 9:05:00 PM', 'DayRentValue': 0.0, 'Documents': None}]",100.0,,deira,al khabasi,4,2016,98420,2047,-1,0.0,630.0,4,2,971522257090,AVENTADOR 1 CAR RENTAL,2,5,2400.0,21980,143984,MERCEDES GLE450
,100.0,,deira,al khabasi,4,2020,25723,2047,-1,0.0,630.0,4,2,971522257090,AVENTADOR 1 CAR RENTAL,2,5,2400.0,22150,54671,MERCEDES GLE53
,100.0,,deira,al khabasi,4,2020,41968,2047,-1,0.0,630.0,4,2,971522257090,AVENTADOR 1 CAR RENTAL,2,5,2400.0,22163,142125,MERCEDES GLE53
,100.0,,deira,al khabasi,4,2021,42378,2047,-1,0.0,630.0,4,2,971522257090,AVENTADOR 1 CAR RENTAL,2,5,2400.0,68297,75995,MERCEDES GLE53
,100.0,,deira,al khabasi,4,2019,89684,2047,-1,0.0,630.0,4,2,971522257090,AVENTADOR 1 CAR RENTAL,2,5,2400.0,117058,60941,MERCEDES GT63
,100.0,,deira,al khabasi,4,2018,36218,2047,-1,0.0,630.0,4,2,971522257090,AVENTADOR 1 CAR RENTAL,2,5,2400.0,22035,155135,MERCEDES METRIS
,100.0,,deira,al khabasi,4,2017,44385,2047,-1,0.0,630.0,4,2,971522257090,AVENTADOR 1 CAR RENTAL,2,5,2400.0,22080,75299,MERCEDES METRIS
,100.0,,deira,al khabasi,4,2023,83500,2047,-1,0.0,630.0,4,2,971522257090,AVENTADOR 1 CAR RENTAL,2,5,2400.0,87546,25487,MERCEDES S500
,100.0,,deira,al khabasi,4,2018,31691,2047,-1,0.0,630.0,4,2,971522257090,AVENTADOR 1 CAR RENTAL,2,5,2400.0,22051,155779,MERCEDES S560
,100.0,,deira,al khabasi,4,2022,86300,2047,-1,0.0,630.0,4,2,971522257090,AVENTADOR 1 CAR RENTAL,2,5,2400.0,22148,47010,MERCEDES S580
,100.0,,deira,al khabasi,4,2018,16235,2047,-1,0.0,630.0,4,2,971522257090,AVENTADOR 1 CAR RENTAL,2,5,2400.0,22026,172752,MERCEDESS450
,100.0,,deira,al khabasi,4,2016,82670,2047,-1,0.0,630.0,4,2,971522257090,AVENTADOR 1 CAR RENTAL,2,5,2400.0,21942,204850,Mercedes AMG GTS
,100.0,,deira,al khabasi,4,2017,36213,2047,-1,0.0,630.0,4,2,971522257090,AVENTADOR 1 CAR RENTAL,2,5,2400.0,22033,120254,NISSAN ARMADA
,100.0,,deira,al khabasi,4,2020,50570,2047,-1,0.0,630.0,4,2,971522257090,AVENTADOR 1 CAR RENTAL,2,5,2400.0,69311,61445,NISSAN ARMADA
,100.0,,deira,al khabasi,4,2020,72350,2047,-1,0.0,630.0,4,2,971522257090,AVENTADOR 1 CAR RENTAL,2,5,2400.0,73138,153029,NISSAN PATHFINDER
,100.0,,deira,al khabasi,4,2022,6354,2047,-1,0.0,630.0,4,2,971522257090,AVENTADOR 1 CAR RENTAL,2,5,2400.0,93653,12677,NISSAN PATROL
,100.0,,deira,al khabasi,4,2018,21411,2047,-1,0.0,630.0,4,2,971522257090,AVENTADOR 1 CAR RENTAL,2,5,2400.0,22130,82522,NISSAN PATROL PLAT
,100.0,,deira,al khabasi,4,2020,85307,2047,-1,0.0,630.0,4,2,971522257090,AVENTADOR 1 CAR RENTAL,2,5,2400.0,22144,42204,PORSCHE 911 CARRERA
"[{'ReservationKey': 0, 'CarKey': 22142, 'CustomerName': 'Running Contract, 16305', 'CustomerMobile': None, 'ReservationStatus': 0, 'ReservationDateTime': None, 'FromDateTime': '8/2/2024 10:37:37 AM', 'ToDateTime': '8/3/2024 10:37:37 AM', 'DayRentValue': 0.0, 'Documents': None}]",100.0,,deira,al khabasi,4,2021,89705,2047,-1,0.0,630.0,4,2,971522257090,AVENTADOR 1 CAR RENTAL,2,5,2400.0,22142,112276,PORSCHE CAYENNE
,100.0,,deira,al khabasi,4,2020,52558,2047,-1,0.0,630.0,4,2,971522257090,AVENTADOR 1 CAR RENTAL,2,5,2400.0,69440,66509,PORSCHE PANAMERA
,100.0,,deira,al khabasi,4,2018,24363,2047,-1,0.0,630.0,4,2,971522257090,AVENTADOR 1 CAR RENTAL,2,5,2400.0,22132,29431,RANGE DISCOVERY
,100.0,,deira,al khabasi,4,2021,50574,2047,-1,0.0,630.0,4,2,971522257090,AVENTADOR 1 CAR RENTAL,2,5,2400.0,69309,37102,RANGE DISCOVERY
,100.0,,deira,al khabasi,4,2020,20943,2047,-1,0.0,630.0,4,2,971522257090,AVENTADOR 1 CAR RENTAL,2,5,2400.0,83404,44680,RANGE ROVER DEFENDER
,100.0,,deira,al khabasi,4,2020,74544,2047,-1,0.0,630.0,4,2,971522257090,AVENTADOR 1 CAR RENTAL,2,5,2400.0,120190,86480,RANGE ROVER EVOQUE
,100.0,,deira,al khabasi,4,2020,72311,2047,-1,0.0,630.0,4,2,971522257090,AVENTADOR 1 CAR RENTAL,2,5,2400.0,73137,26641,RANGE ROVER EVOUQUE
,100.0,,deira,al khabasi,4,2018,82127,2047,-1,0.0,630.0,4,2,971522257090,AVENTADOR 1 CAR RENTAL,2,5,2400.0,22025,96555,RANGE ROVER SPORT
"[{'ReservationKey': 0, 'CarKey': 68296, 'CustomerName': 'Running Contract, 15857', 'CustomerMobile': None, 'ReservationStatus': 0, 'ReservationDateTime': None, 'FromDateTime': '7/28/2024 8:56:48 PM', 'ToDateTime': '8/2/2024 8:56:48 PM', 'DayRentValue': 0.0, 'Documents': None}]",100.0,,deira,al khabasi,4,2020,98614,2047,-1,0.0,630.0,4,2,971522257090,AVENTADOR 1 CAR RENTAL,2,5,2400.0,68296,38449,RANGE ROVER VELAR
"[{'ReservationKey': 0, 'CarKey': 22006, 'CustomerName': 'Running Contract, 16297', 'CustomerMobile': None, 'ReservationStatus': 0, 'ReservationDateTime': None, 'FromDateTime': '8/1/2024 6:03:00 PM', 'ToDateTime': '8/5/2024 6:03:00 PM', 'DayRentValue': 0.0, 'Documents': None}]",100.0,,deira,al khabasi,4,2018,70583,2047,-1,0.0,630.0,4,2,971522257090,AVENTADOR 1 CAR RENTAL,2,5,2400.0,22006,149435,RANGE ROVER VELAR 2018
"[{'ReservationKey': 0, 'CarKey': 22047, 'CustomerName': 'Running Contract, 15867', 'CustomerMobile': None, 'ReservationStatus': 0, 'ReservationDateTime': None, 'FromDateTime': '7/30/2024 5:20:00 PM', 'ToDateTime': '8/3/2024 5:20:00 PM', 'DayRentValue': 0.0, 'Documents': None}]",100.0,,deira,al khabasi,4,2019,30782,2047,-1,0.0,630.0,4,2,971522257090,AVENTADOR 1 CAR RENTAL,2,5,2400.0,22047,115428,RANGE SPORTS
"[{'ReservationKey': 0, 'CarKey': 98452, 'CustomerName': 'Running Contract, 15860', 'CustomerMobile': None, 'ReservationStatus': 0, 'ReservationDateTime': None, 'FromDateTime': '7/29/2024 7:40:25 PM', 'ToDateTime': '8/3/2024 7:40:25 PM', 'DayRentValue': 0.0, 'Documents': None}]",100.0,,deira,al khabasi,4,2023,35911,2047,-1,0.0,630.0,4,2,971522257090,AVENTADOR 1 CAR RENTAL,2,5,2400.0,98452,20563,RANGE SPORTS
,100.0,,deira,al khabasi,4,2024,58700,2047,-1,0.0,630.0,4,2,971522257090,AVENTADOR 1 CAR RENTAL,2,5,2400.0,128262,8908,RANGE SPORTS
"[{'ReservationKey': 0, 'CarKey': 22129, 'CustomerName': 'Running Contract, 16302', 'CustomerMobile': None, 'ReservationStatus': 0, 'ReservationDateTime': None, 'FromDateTime': '8/1/2024 10:06:33 PM', 'ToDateTime': '8/4/2024 10:06:33 PM', 'DayRentValue': 0.0, 'Documents': None}]",100.0,,deira,al khabasi,4,2020,62779,2047,-1,0.0,630.0,4,2,971522257090,AVENTADOR 1 CAR RENTAL,2,5,2400.0,22129,45674,RANGE SPORTS
,100.0,,deira,al khabasi,4,2019,63526,2047,-1,0.0,630.0,4,2,971522257090,AVENTADOR 1 CAR RENTAL,2,5,2400.0,22048,125432,RANGE SPORTS
"[{'ReservationKey': 0, 'CarKey': 98482, 'CustomerName': 'Running Contract, 15734', 'CustomerMobile': None, 'ReservationStatus': 0, 'ReservationDateTime': None, 'FromDateTime': '7/8/2024 7:04:00 PM', 'ToDateTime': '7/15/2024 7:04:00 PM', 'DayRentValue': 0.0, 'Documents': None}]",100.0,,deira,al khabasi,4,2020,19739,2047,-1,0.0,630.0,4,2,971522257090,AVENTADOR 1 CAR RENTAL,2,5,2400.0,98482,84042,RANGE SPORTS 
,100.0,,deira,al khabasi,4,2020,46267,2047,-1,0.0,630.0,4,2,971522257090,AVENTADOR 1 CAR RENTAL,2,5,2400.0,22101,82065,RANGE SVR
,100.0,,deira,al khabasi,4,2024,60991,2047,-1,0.0,630.0,4,2,971522257090,AVENTADOR 1 CAR RENTAL,2,5,2400.0,138364,12546,RANGE SVR 
"[{'ReservationKey': 0, 'CarKey': 87542, 'CustomerName': 'Running Contract, 15693', 'CustomerMobile': None, 'ReservationStatus': 0, 'ReservationDateTime': None, 'FromDateTime': '7/4/2024 7:43:00 PM', 'ToDateTime': '8/3/2024 7:43:00 PM', 'DayRentValue': 0.0, 'Documents': None}]",100.0,,deira,al khabasi,4,2023,23800,2047,-1,0.0,630.0,4,2,971522257090,AVENTADOR 1 CAR RENTAL,2,5,2400.0,87542,43481,RANGE VOUGE AUTO
"[{'ReservationKey': 0, 'CarKey': 117074, 'CustomerName': 'Running Contract, 15839', 'CustomerMobile': None, 'ReservationStatus': 0, 'ReservationDateTime': None, 'FromDateTime': '7/26/2024 8:58:31 PM', 'ToDateTime': '7/27/2024 8:58:31 PM', 'DayRentValue': 0.0, 'Documents': None}]",100.0,,deira,al khabasi,4,2022,86900,2047,-1,0.0,630.0,4,2,971522257090,AVENTADOR 1 CAR RENTAL,2,5,2400.0,117074,12382,ROLLS ROYCE GHOST
,100.0,,deira,al khabasi,4,2019,96800,2047,-1,0.0,630.0,4,2,971522257090,AVENTADOR 1 CAR RENTAL,2,5,2400.0,112681,47122,ROLLS ROYCE GHOST
"[{'ReservationKey': 0, 'CarKey': 22036, 'CustomerName': 'Running Contract, 14674', 'CustomerMobile': None, 'ReservationStatus': 0, 'ReservationDateTime': None, 'FromDateTime': '2/26/2024 11:23:30 AM', 'ToDateTime': '2/26/2024 11:23:30 AM', 'DayRentValue': 0.0, 'Documents': None}]",100.0,,deira,al khabasi,4,2018,39800,2047,-1,0.0,630.0,4,2,971522257090,AVENTADOR 1 CAR RENTAL,2,5,2400.0,22036,111019,ROLLS ROYCE GHOST 
,100.0,,deira,al khabasi,4,2016,75861,2047,-1,0.0,630.0,4,2,971522257090,AVENTADOR 1 CAR RENTAL,2,5,2400.0,22043,128414,ROLLS ROYCE GHOST 
,100.0,,deira,al khabasi,4,2022,4845,2047,-1,0.0,630.0,4,2,971522257090,AVENTADOR 1 CAR RENTAL,2,5,2400.0,124032,7896,RR CULINAN
"[{'ReservationKey': 0, 'CarKey': 22127, 'CustomerName': 'Running Contract, 15835', 'CustomerMobile': None, 'ReservationStatus': 0, 'ReservationDateTime': None, 'FromDateTime': '7/31/2024 4:00:00 AM', 'ToDateTime': '8/4/2024 4:00:00 AM', 'DayRentValue': 0.0, 'Documents': None}]",100.0,,deira,al khabasi,4,2019,96500,2047,-1,0.0,630.0,4,2,971522257090,AVENTADOR 1 CAR RENTAL,2,5,2400.0,22127,66096,Range SVR
"[{'ReservationKey': 0, 'CarKey': 120330, 'CustomerName': 'Running Contract, 15679', 'CustomerMobile': None, 'ReservationStatus': 0, 'ReservationDateTime': None, 'FromDateTime': '7/2/2024 11:10:45 PM', 'ToDateTime': '7/3/2024 11:10:45 PM', 'DayRentValue': 0.0, 'Documents': None}]",100.0,,deira,al khabasi,4,2020,87380,2047,-1,0.0,630.0,4,2,971522257090,AVENTADOR 1 CAR RENTAL,2,5,2400.0,120330,32425,SVR 
,100.0,,deira,al khabasi,4,2014,84229,2047,-1,0.0,630.0,4,2,971522257090,AVENTADOR 1 CAR RENTAL,2,5,2400.0,21957,15000,YARIS
